Location,Rental_jumper_group,rental_group_name,per_jumper_price,Minimum_jumpers,maximum_jumpers,inclusions
Evansville,60 minute rental facility (40 to 75 jumpers ),40 to 75 jumpers,17,40,75,- Sky socks are not included
Evansville,90 minute rental facility (40 to 75 jumpers ),40 to 75 jumpers,19,40,75,- Sky socks are not included
Evansville,120 minute rental facility (40 to 75 jumpers ),40 to 75 jumpers,22,40,75,- Sky socks are not included
Evansville,150 minute rental facility (40 to 75 jumpers ),40 to 75 jumpers,25,40,75,- Sky socks are not included
Evansville,180 minute rental facility (40 to 75 jumpers ),40 to 75 jumpers,28,40,75,- Sky socks are not included
Evansville,60 minute rental facility (75 plus jumpers ),75 plus jumpers,14,75,,- Sky socks are included
Evansville,90 minute rental facility (75 plus jumpers ),75 plus jumpers,17,75,,- Sky socks are included
Evansville,120 minute rental facility (75 plus jumpers ),75 plus jumpers,20,75,,- Sky socks are included
Evansville,150 minute rental facility (75 plus jumpers ),75 plus jumpers,23,75,,- Sky socks are included
Evansville,180 minute rental facility (75 plus jumpers ),75 plus jumpers,26,75,,- Sky socks are included
